{
  "center_eigvals": [
    -3.0000000000000013,
    -1.414213562373096,
    -1.4142135623730954,
    -1.4142135623730951,
    -1.4142135623730945,
    -1.4142135623730938,
    -1.4142135623730936,
    1.4142135623730934,
    1.4142135623730943,
    1.4142135623730951,
    1.4142135623730951,
    1.4142135623730967,
    1.4142135623730971,
    3.0000000000000004
  ],
  "mid_eigvals": [
    -1.414213562373096,
    -1.4142135623730954,
    -1.4142135623730951,
    -1.4142135623730945,
    -1.4142135623730938,
    -1.4142135623730936,
    1.4142135623730934,
    1.4142135623730943,
    1.4142135623730951,
    1.4142135623730951,
    1.4142135623730967,
    1.4142135623730971
  ],
  "mid_dim": 12,
  "H_full_square_norm": 4.949747468305832,
  "projector_mid_sub_is_idempotent": true,
  "projector_mid_sub_trace": 6.000000000000001,
  "projector_mid_sub_rank": 6,
  "projector_mid_sub_norm_diff": 1.368774871883577e-15,
  "projector_full_is_idempotent": false,
  "projector_full_trace": 7.0,
  "projector_full_rank": 8,
  "projector_full_norm_diff": 1.237436867076458,
  "q": 3.0
}