{
  "total_point_permutations": 5040,
  "fano_7cycles": 48,
  "heawood_mapped": 48,
  "examples": [
    {
      "point_perm": {
        "0": 1,
        "1": 2,
        "2": 3,
        "3": 4,
        "4": 5,
        "5": 6,
        "6": 0
      },
      "line_perm": {
        "7": 8,
        "8": 9,
        "9": 10,
        "10": 11,
        "11": 12,
        "12": 13,
        "13": 7
      },
      "cycle_type": [
        7
      ],
      "laplacian_fix_norm": 0.0,
      "eigvals": [
        -0.0,
        1.585786437627,
        1.585786437627,
        1.585786437627,
        1.585786437627,
        1.585786437627,
        1.585786437627,
        4.414213562373,
        4.414213562373,
        4.414213562373,
        4.414213562373,
        4.414213562373,
        4.414213562373,
        6.0
      ],
      "eigvec_block_residual": 1.3888885600717775e-15
    },
    {
      "point_perm": {
        "0": 1,
        "1": 2,
        "2": 6,
        "3": 4,
        "4": 0,
        "5": 3,
        "6": 5
      },
      "line_perm": {
        "7": 8,
        "8": 13,
        "9": 10,
        "10": 11,
        "11": 7,
        "12": 9,
        "13": 12
      },
      "cycle_type": [
        7
      ],
      "laplacian_fix_norm": 0.0,
      "eigvals": [
        -0.0,
        1.585786437627,
        1.585786437627,
        1.585786437627,
        1.585786437627,
        1.585786437627,
        1.585786437627,
        4.414213562373,
        4.414213562373,
        4.414213562373,
        4.414213562373,
        4.414213562373,
        4.414213562373,
        6.0
      ],
      "eigvec_block_residual": 1.2827761084789717e-15
    },
    {
      "point_perm": {
        "0": 1,
        "1": 4,
        "2": 0,
        "3": 2,
        "4": 5,
        "5": 6,
        "6": 3
      },
      "line_perm": {
        "7": 8,
        "8": 11,
        "9": 13,
        "10": 9,
        "11": 12,
        "12": 10,
        "13": 7
      },
      "cycle_type": [
        7
      ],
      "laplacian_fix_norm": 0.0,
      "eigvals": [
        -0.0,
        1.585786437627,
        1.585786437627,
        1.585786437627,
        1.585786437627,
        1.585786437627,
        1.585786437627,
        4.414213562373,
        4.414213562373,
        4.414213562373,
        4.414213562373,
        4.414213562373,
        4.414213562373,
        6.0
      ],
      "eigvec_block_residual": 1.3822165187958571e-15
    },
    {
      "point_perm": {
        "0": 1,
        "1": 4,
        "2": 6,
        "3": 2,
        "4": 3,
        "5": 0,
        "6": 5
      },
      "line_perm": {
        "7": 8,
        "8": 10,
        "9": 13,
        "10": 9,
        "11": 7,
        "12": 11,
        "13": 12
      },
      "cycle_type": [
        7
      ],
      "laplacian_fix_norm": 0.0,
      "eigvals": [
        -0.0,
        1.585786437627,
        1.585786437627,
        1.585786437627,
        1.585786437627,
        1.585786437627,
        1.585786437627,
        4.414213562373,
        4.414213562373,
        4.414213562373,
        4.414213562373,
        4.414213562373,
        4.414213562373,
        6.0
      ],
      "eigvec_block_residual": 1.3665217429949162e-15
    },
    {
      "point_perm": {
        "0": 1,
        "1": 5,
        "2": 3,
        "3": 6,
        "4": 2,
        "5": 4,
        "6": 0
      },
      "line_perm": {
        "7": 12,
        "8": 9,
        "9": 10,
        "10": 13,
        "11": 8,
        "12": 11,
        "13": 7
      },
      "cycle_type": [
        7
      ],
      "laplacian_fix_norm": 0.0,
      "eigvals": [
        -0.0,
        1.585786437627,
        1.585786437627,
        1.585786437627,
        1.585786437627,
        1.585786437627,
        1.585786437627,
        4.414213562373,
        4.414213562373,
        4.414213562373,
        4.414213562373,
        4.414213562373,
        4.414213562373,
        6.0
      ],
      "eigvec_block_residual": 1.4065259467477195e-15
    }
  ]
}