{
  "koide_parameter": 0.66663234501809,
  "cabibbo_prediction": 0.2222222222222222,
  "wolfenstein": {
    "lambda_pred": 0.226890756302521,
    "A_pred": 0.7941176470588235,
    "eta_bar_pred": 0.35714285714285715
  },
  "pmns": {
    "sin2_theta12_pred": 0.3053435114503817,
    "sin2_theta23_pred": 0.5714285714285714,
    "sin2_theta13_pred": 0.02197802197802198
  },
  "key_numbers": [
    2,
    4,
    7,
    9,
    13,
    14,
    17,
    27,
    34,
    40,
    91,
    119,
    131
  ]
}