{
  "scales": {
    "M_Z": 91.2,
    "M_GUT": 2e+16,
    "ln_ratio": 33.021453771384394
  },
  "yukawa_MZ_exp": {
    "y_t": 0.939934623772362,
    "y_b": 0.016384181515298052,
    "y_tau": 0.010060462333954944
  },
  "yukawa_GUT": {
    "y_t": 8.136493028048669e-08,
    "y_b": 1.3498545854302172e-09,
    "y_tau": 0.006859919104763675
  },
  "masses_predicted": {
    "m_t": 1.0058437460822115e-05,
    "m_c": 7.562734932948958e-08,
    "m_u": 1.1344102399423437e-09,
    "m_b": 2.3675163580000065e-07,
    "m_s": 1.1837581790000032e-08,
    "m_d": 5.918790895000016e-10,
    "m_\u03c4": 0.9884276374841507,
    "m_\u03bc": 0.05765827885324213,
    "m_e": 0.00026693647617241726
  },
  "masses_experimental": {
    "m_t": 163.5,
    "m_c": 0.63,
    "m_u": 0.0013,
    "m_b": 2.85,
    "m_s": 0.055,
    "m_d": 0.0029,
    "m_\u03c4": 1.75,
    "m_\u03bc": 0.102,
    "m_e": 0.000487
  },
  "W33_ratios": {
    "m_t/m_b": 40.0,
    "m_c/m_s": 13.333333333333334,
    "m_t/m_c": 133.0,
    "m_s/m_d": 20.0,
    "m_\u03bc/m_e": 216,
    "m_\u03c4/m_\u03bc": 17.142857142857142,
    "m_b/m_\u03c4": 3
  }
}
