{
  "heawood_fano_alignment": {
    "graph_nodes": 14,
    "graph_edges": 21,
    "fano_7cycles": 48,
    "tetra_op_shape": [
      14,
      14
    ],
    "op_diff_mean": 7.342515740371569,
    "op_diff_median": 7.463846423198178,
    "lap_diff_max": 0.0,
    "comm_norm_mean": 7.342515740371569,
    "subspace_resid_mean": 1.297985667746425,
    "op_diff_values_sample": [
      7.227132961926561,
      7.463846423198178,
      7.7843990532660525,
      7.52269319822881,
      6.714507065238243
    ],
    "subspace_resid_sample": [
      1.2775886814787725,
      1.3194341048945972,
      1.3761003395066413,
      1.3298368433133771,
      1.186968369538737
    ]
  },
  "heawood_tetra_oscillator": {
    "laplacian_eigenvalues": [
      -6.574601973952099e-16,
      1.5857864376269035,
      1.585786437626904,
      1.585786437626905,
      1.5857864376269057,
      1.5857864376269069,
      1.585786437626907,
      4.4142135623730905,
      4.414213562373094,
      4.414213562373095
    ],
    "tetra_operator_eigenvalues": [
      -1.1686907625390464e-15,
      -5.160919465401402e-16,
      -2.756889306023999e-16,
      -1.8370011057354774e-16,
      -1.3667527456059825e-17,
      2.1145207681497936e-17,
      5.0438051426131667e-17,
      9.114761292289784e-17,
      1.3953804298333237e-16,
      2.2467410989574164e-16,
      2.594174685976742e-16,
      3.9999999999999982,
      4.0,
      4.000000000000002
    ],
    "cluster_labels": null
  },
  "tetrahedral_harmonic_comparison": {
    "tetra_laplacian_gap": 4.0,
    "heawood_laplacian_gap": 1.5857864376269033,
    "gap_ratio": 0.3964466094067258
  },
  "natural_constants_alignment": {
    "phi": 1.618033988749895,
    "sqrt2": 1.4142135623730951,
    "pi": 3.141592653589793,
    "e": 2.718281828459045,
    "heawood_lambda1": 1.5857864376269035,
    "heawood_lambdan": 4.414213562373095,
    "heawood_ratio": 2.783611624891227,
    "heawood_vs_phi_diff": 1.165577636141332,
    "heawood_vs_sqrt2_diff": 1.3693980625181317,
    "heawood_vs_pi_diff": 0.3579810286985663,
    "heawood_vs_e_diff": 0.06532979643218173
  }
}