{
  "l3_entries": 2592,
  "tensor_keys": 2592,
  "fill_fraction": 0.13168724279835392,
  "best_vev_site": 16,
  "best_sv_ratio": 18.89404075497393,
  "fn_epsilon": 0.1,
  "generation_charges": [
    2,
    1,
    0
  ],
  "purely_intergenerational": true,
  "sv_top5": [
    [
      16,
      18.89404075497393,
      [
        4.5427829410911,
        4.304212049124771,
        4.005152397725194,
        3.7759868128295135,
        1.4142135623730956,
        1.4142135623730954,
        1.4142135623730954,
        1.4142135623730951,
        1.4142135623730951,
        1.4142135623730951,
        1.4142135623730951,
        1.4142135623730947,
        1.4142135623730947,
        1.4142135623730947,
        1.4142135623730947,
        1.4142135623730947,
        1.0330335371898074,
        0.9869991712172567,
        0.662136806675494,
        0.2404346957860348
      ]
    ],
    [
      11,
      18.894040754973897,
      [
        4.542782941091099,
        4.30421204912477,
        4.005152397725194,
        3.775986812829511,
        1.4142135623730956,
        1.4142135623730956,
        1.4142135623730951,
        1.4142135623730951,
        1.414213562373095,
        1.414213562373095,
        1.414213562373095,
        1.414213562373095,
        1.414213562373095,
        1.414213562373095,
        1.4142135623730947,
        1.4142135623730943,
        1.0330335371898074,
        0.9869991712172563,
        0.6621368066754943,
        0.24043469578603519
      ]
    ],
    [
      6,
      18.522637341000756,
      [
        4.52300527017912,
        4.275405953430453,
        4.033713209855851,
        3.8188195747308407,
        1.4142135623730954,
        1.4142135623730954,
        1.4142135623730954,
        1.4142135623730954,
        1.4142135623730954,
        1.414213562373095,
        1.414213562373095,
        1.414213562373095,
        1.4142135623730947,
        1.4142135623730947,
        1.4142135623730947,
        1.4142135623730945,
        0.9637146838199477,
        0.9483736686246065,
        0.7220219402453445,
        0.2441879731763267
      ]
    ],
    [
      18,
      18.522637341000745,
      [
        4.52300527017912,
        4.275405953430453,
        4.033713209855852,
        3.8188195747308407,
        1.4142135623730954,
        1.4142135623730951,
        1.4142135623730951,
        1.4142135623730951,
        1.414213562373095,
        1.414213562373095,
        1.4142135623730947,
        1.4142135623730947,
        1.4142135623730947,
        1.4142135623730945,
        1.4142135623730945,
        1.414213562373094,
        0.9637146838199474,
        0.9483736686246064,
        0.7220219402453445,
        0.24418797317632684
      ]
    ],
    [
      12,
      13.290879477000194,
      [
        4.862632952646755,
        4.496770560992273,
        3.5699527513033043,
        3.5699527513033025,
        1.4142135623730958,
        1.4142135623730958,
        1.4142135623730956,
        1.4142135623730951,
        1.4142135623730951,
        1.4142135623730947,
        1.4142135623730947,
        1.4142135623730947,
        1.4142135623730947,
        1.4142135623730947,
        1.4142135623730943,
        1.414213562373094,
        1.1204630085201255,
        1.1204630085201253,
        0.3658623916544815
      ]
    ]
  ],
  "elapsed_s": 0.28
}