{
  "M_up": [
    [
      0.0,
      0.0,
      0.0
    ],
    [
      0.0,
      0.0,
      0.0
    ],
    [
      0.0,
      0.0,
      0.0
    ]
  ],
  "M_down": [
    [
      0.0,
      0.0,
      0.0
    ],
    [
      0.0,
      0.0,
      0.0
    ],
    [
      0.0,
      0.0,
      0.0
    ]
  ],
  "M_lepton": [
    [
      0.0,
      2.0,
      -2.0
    ],
    [
      -2.0,
      0.0,
      2.0
    ],
    [
      -2.0,
      2.0,
      0.0
    ]
  ],
  "M_neutrino": [
    [
      0.0,
      -2.0,
      2.0
    ],
    [
      2.0,
      0.0,
      -2.0
    ],
    [
      2.0,
      -2.0,
      0.0
    ]
  ],
  "M_up_all_vev": [
    [
      0.0,
      4.0,
      -4.0
    ],
    [
      -4.0,
      0.0,
      4.0
    ],
    [
      0.0,
      0.0,
      0.0
    ]
  ],
  "M_down_all_vev": [
    [
      0.0,
      0.0,
      4.0
    ],
    [
      0.0,
      0.0,
      -4.0
    ],
    [
      0.0,
      0.0,
      0.0
    ]
  ],
  "M_lepton_all_vev": [
    [
      0.0,
      2.0,
      -2.0
    ],
    [
      -2.0,
      0.0,
      2.0
    ],
    [
      -2.0,
      2.0,
      0.0
    ]
  ],
  "M_neutrino_all_vev": [
    [
      0.0,
      -2.0,
      2.0
    ],
    [
      2.0,
      0.0,
      -2.0
    ],
    [
      2.0,
      -2.0,
      0.0
    ]
  ],
  "svd_up": [
    0.0,
    0.0,
    0.0
  ],
  "svd_down": [
    0.0,
    0.0,
    0.0
  ],
  "svd_lepton": [
    3.4641016151377544,
    3.4641016151377544,
    8.934384944363104e-17
  ],
  "svd_neutrino": [
    3.4641016151377544,
    3.4641016151377544,
    8.934384944363104e-17
  ],
  "froggatt_nielsen_epsilon": 0.1
}