{
  "81_eigenspace": {
    "eigenvalue": -2.0,
    "dimension": 81,
    "interpretation": "3 generations \u00d7 27 fermions"
  },
  "yukawa_structure": {
    "total_dim": 81,
    "generation_dim": 27,
    "num_generations": 3
  },
  "mass_eigenvalues": {
    "generation_1": [
      2.0000000000000027,
      2.000000000000002,
      2.0000000000000018,
      2.0000000000000013,
      2.0000000000000013,
      2.000000000000001,
      2.0000000000000004,
      2.0000000000000004,
      2.0000000000000004,
      2.0
    ],
    "generation_2": [
      2.0000000000000044,
      2.0000000000000013,
      2.0000000000000013,
      2.0000000000000013,
      2.000000000000001,
      2.000000000000001,
      2.000000000000001,
      2.0000000000000004,
      2.0000000000000004,
      2.0000000000000004
    ],
    "generation_3": [
      2.000000000000003,
      2.000000000000003,
      2.000000000000003,
      2.000000000000002,
      2.000000000000002,
      2.0000000000000018,
      2.0000000000000013,
      2.0000000000000013,
      2.000000000000001,
      2.0000000000000004
    ]
  },
  "next_steps": [
    "Identify fermion species within 27",
    "Match masses to experiment",
    "Determine overall mass scale",
    "Compute CKM and PMNS from off-diagonals"
  ]
}