{
  "tensor_shape": [
    81,
    81,
    81
  ],
  "total_elements": 531441,
  "statistics": {
    "min": -0.3766160163246611,
    "max": 0.4017178619856155,
    "mean": -2.5924734030873645e-05,
    "std": 0.008095609434074592,
    "zeros": 0,
    "nonzeros": 531441
  },
  "best_higgs_direction": 36,
  "best_hierarchy": 301.31922082232774,
  "mass_spectrum": [
    0.4161135509245342,
    0.3914647271185642,
    0.3830870031532515,
    0.37362343044116736,
    0.36633484006179245,
    0.36203515358447586,
    0.3510724993451383,
    0.3486448416663644,
    0.34478708172760314,
    0.3430393761617749,
    0.3373606316595188,
    0.3332163433343104,
    0.32929828994996563,
    0.3285723129417936,
    0.31955238408776776,
    0.3195318486293649,
    0.3175588097803523,
    0.3082179253752473,
    0.3079144039931339,
    0.30356502333446855,
    0.3007836692870355,
    0.29240745815631264,
    0.2911222341050184,
    0.2907260631227443,
    0.28484548530137804,
    0.2834607224042212,
    0.278185110054996
  ],
  "interpretation": "Trilinear Yukawa tensor from W33 homology",
  "method": "Edge-wise product of cycle vectors",
  "next_steps": [
    "Map eigenvalues to physical fermions",
    "Scale masses to experimental units",
    "Compute flavor mixing matrices",
    "Understand geometric origin"
  ]
}