{
  "experimental_masses": {
    "u": 2.2,
    "c": 1270.0,
    "t": 173000.0,
    "d": 4.7,
    "s": 95.0,
    "b": 4180.0,
    "e": 0.5109989461,
    "mu": 105.6583745,
    "tau": 1776.86,
    "nu1": 0.0,
    "nu2": 0.00867,
    "nu3": 0.0495
  },
  "w33_masses_dimensionless": {
    "state_1": 0.4161135509245342,
    "state_2": 0.3914647271185642,
    "state_3": 0.3830870031532515,
    "state_4": 0.37362343044116736,
    "state_5": 0.36633484006179245,
    "state_6": 0.36203515358447586,
    "state_7": 0.3510724993451383,
    "state_8": 0.3486448416663644,
    "state_9": 0.34478708172760314,
    "state_10": 0.3430393761617749,
    "state_11": 0.3373606316595188,
    "state_12": 0.3332163433343104,
    "state_13": 0.32929828994996563,
    "state_14": 0.3285723129417936,
    "state_15": 0.31955238408776776,
    "state_16": 0.3195318486293649,
    "state_17": 0.3175588097803523,
    "state_18": 0.3082179253752473,
    "state_19": 0.3079144039931339,
    "state_20": 0.30356502333446855,
    "state_21": 0.3007836692870355,
    "state_22": 0.29240745815631264,
    "state_23": 0.2911222341050184,
    "state_24": 0.2907260631227443,
    "state_25": 0.28484548530137804,
    "state_26": 0.2834607224042212,
    "state_27": 0.278185110054996
  },
  "top12_approach": {
    "optimal_vev": 66803.44045842798,
    "chi_squared": 6973400785222.857,
    "chi_squared_per_dof": 581116732101.9048,
    "predictions": {
      "rank_1": 27797.81682313216,
      "rank_2": 26151.190589639762,
      "rank_3": 25591.52980554585,
      "rank_4": 24959.330589350135,
      "rank_5": 24472.42767591569,
      "rank_6": 24185.193826338364,
      "rank_7": 23452.850806594444,
      "rank_8": 23290.674921397025,
      "rank_9": 23032.96328502508,
      "rank_10": 22916.210540319407,
      "rank_11": 22536.85087008432,
      "rank_12": 22259.9981517087
    }
  },
  "optimized_approach": {
    "best_indices": [
      27,
      28,
      29,
      30,
      31,
      32,
      33,
      34,
      35,
      36,
      37,
      38
    ],
    "optimal_vev": 10734.04509259189,
    "chi_squared": 85812974898.98302,
    "chi_squared_per_dof": 7151081241.581918,
    "predictions": {
      "rank_1": 2925.2599710340805,
      "rank_2": 2915.049464332157,
      "rank_3": 2903.3328488887764,
      "rank_4": 2820.33251261337,
      "rank_5": 2796.1615749070716,
      "rank_6": 2755.0259905970124,
      "rank_7": 2685.385069210245,
      "rank_8": 2664.748498045241,
      "rank_9": 2640.0113528427123,
      "rank_10": 2517.4871295648063,
      "rank_11": 2500.7894993245486,
      "rank_12": 2476.8227292642246
    }
  },
  "mass_hierarchy": {
    "w33": 301.31922082232774,
    "experimental": 19953863.898500577
  },
  "assessment": "PARTIAL",
  "confidence": 75
}