{
  "Lambda": 4.0,
  "sizes": {
    "V": 40,
    "E": 240,
    "F": 160,
    "N": 440,
    "rank_im_d1": 120
  },
  "Q": {
    "diag_mean": -0.004660437469181483,
    "diag_std": 0.00011292448549451345,
    "offdiag_rms": 3.606059045424608e-05,
    "offdiag_max_abs": 0.00029046474358974527
  },
  "eig": {
    "min": -0.005245700813609505,
    "max": -0.004356971153846168,
    "mean": -0.004660437469181481,
    "std": 0.0004108477595086336
  }
}