{
  "mass_ratios": {
    "m_c/m_u": 587.9629629629629,
    "m_t/m_u": 79814.81481481482,
    "m_t/m_c": 135.748031496063,
    "m_s/m_d": 19.91434689507495,
    "m_b/m_d": 895.0749464668095,
    "m_b/m_s": 44.946236559139784,
    "m_\u03bc/m_e": 206.84931506849318,
    "m_\u03c4/m_e": 3477.495107632094,
    "m_\u03c4/m_\u03bc": 16.81173131504257,
    "m_t/m_b": 41.24401913875599,
    "m_c/m_s": 13.655913978494624,
    "m_u/m_d": 0.46252676659528913,
    "m_b/m_\u03c4": 2.3522791221159256
  },
  "koide": {
    "leptons": 0.66663234501809,
    "up_quarks": 0.8488742143727662,
    "down_quarks": 0.7317556515910978,
    "prediction": 0.6666666666666666
  },
  "E8_W33_matches": {
    "m_t/m_b": {
      "exp": 41.24401913875599,
      "pred": 40,
      "source": "240/6"
    },
    "m_c/m_s": {
      "exp": 13.655913978494624,
      "pred": 13.33,
      "source": "40/3"
    },
    "m_\u03c4/m_\u03bc": {
      "exp": 16.81173131504257,
      "pred": 17.14,
      "source": "240/14"
    }
  }
}
