{
  "particle_content_27": {
    "Q_L": {
      "rep": "(3,2)",
      "Y": 0.16666666666666666,
      "dim": 6
    },
    "u_R": {
      "rep": "(3\u0304,1)",
      "Y": -0.6666666666666666,
      "dim": 3
    },
    "d_R": {
      "rep": "(3\u0304,1)",
      "Y": 0.3333333333333333,
      "dim": 3
    },
    "L": {
      "rep": "(1,2)",
      "Y": -0.5,
      "dim": 2
    },
    "e_R": {
      "rep": "(1,1)",
      "Y": 1,
      "dim": 1
    },
    "\u03bd_R": {
      "rep": "(1,1)",
      "Y": 0,
      "dim": 1
    },
    "D": {
      "rep": "(3,1)",
      "Y": -0.3333333333333333,
      "dim": 3
    },
    "D_bar": {
      "rep": "(3\u0304,1)",
      "Y": 0.3333333333333333,
      "dim": 3
    },
    "H_u": {
      "rep": "(1,2)",
      "Y": 0.5,
      "dim": 2
    },
    "H_d": {
      "rep": "(1,2)",
      "Y": -0.5,
      "dim": 2
    },
    "S": {
      "rep": "(1,1)",
      "Y": 0,
      "dim": 1
    }
  },
  "W33_structure": {
    "vertices": 128,
    "edges":
