{
  "scales": {
    "M_Z": 91.2,
    "M_GUT": 2e+16,
    "ln_ratio": 33.021453771384394
  },
  "yukawa_MZ_exp": {
    "y_t": 0.939934623772362,
    "y_b": 0.016384181515298052,
    "y_tau": 0.010060462333954944
  },
  "yukawa_GUT": {
    "y_t": 0.41529794708627665,
    "y_b": 0.005721126595967273,
    "y_tau": 0.007670733822482059
  },
  "masses_predicted": {
    "m_t": 163.49541218085375,
    "m_c": 1.2292888133898778,
    "m_u": 0.018439332200848167,
    "m_b": 5.17118848668685,
    "m_s": 0.2585594243343425,
    "m_d": 0.012927971216717123,
    "m_\u03c4": 0.7894813182537571,
    "m_\u03bc": 0.046053076898135835,
    "m_e": 0.00021320868934322147
  },
  "masses_experimental": {
    "m_t": 163.5,
    "m_c": 0.63,
    "m_u": 0.0013,
    "m_b": 2.85,
    "m_s": 0.055,
    "m_d": 0.0029,
    "m_\u03c4": 1.75,
    "m_\u03bc": 0.102,
    "m_e": 0.000487
  },
  "W33_ratios": {
    "m_t/m_b": 40.0,
    "m_c/m_s": 13.333333333333334,
    "m_t/m_c": 133.0,
    "m_s/m_d": 20.0,
    "m_\u03bc/m_e": 216,
    "m_\u03c4/m_\u03bc": 17.142857142857142,
    "m_b/m_\u03c4": 3
  },
  "options": {
    "two_loop": false,
    "eps": 0.1,
    "thresholds": false
  }
}