{
  "index": 5,
  "source_file": "C:\\Users\\wiljd\\OneDrive\\Desktop\\Theory of Everything\\checks\\z3_analysis_1770606814\\summary.json",
  "vertex_perm": [
    0,
    1,
    2,
    3,
    4,
    5,
    6,
    7,
    8,
    9,
    10,
    11,
    12,
    22,
    23,
    24,
    25,
    26,
    27,
    28,
    29,
    30,
    31,
    32,
    33,
    34,
    35,
    36,
    37,
    38,
    39,
    13,
    14,
    15,
    16,
    17,
    18,
    19,
    20,
    21
  ],
  "counts": [
    27,
    27,
    27
  ],
  "R3_norm": 1.7109460162474807e-14,
  "artifact": "PART_CVII_z3_candidate_1770607002_05.npz",
  "notes": "Auto-registered z3 candidate (via _tmp_register_z3_candidate.py)",
  "timestamp": 1770607002,
  "P_ranks": [
    27,
    27,
    27
  ],
  "P_iderrs": [
    4.519887544024283e-15,
    4.4955481027041716e-15,
    4.4955481027041716e-15
  ],
  "P_sum_err": 1.2953780264090242e-15,
  "P_cross_norms": [
    2.828689059648697e-15,
    2.828689059648697e-15,
    2.828377047967299e-15,
    2.860299048241942e-15,
    2.828377047967299e-15,
    2.860299048241942e-15
  ],
  "verified_by": "C:\\Users\\wiljd\\OneDrive\\Desktop\\Theory of Everything\\checks\\PART_CVII_z3_verify_1770606826.json",
  "centralizer_size": 648,
  "conj_class_size": 40,
  "conj_group": 1,
  "conj_group_size": 80,
  "conj_group_rep": false
}
