{
  "small": {
    "commutant_dim": 103,
    "group_size": 72,
    "avg_chi_squared": 103.35291666666664
  },
  "all_transvections": {
    "commutant_dim": 2,
    "group_size": 25920,
    "avg_chi_squared": 1.6625254629629624
  }
}