{
  "index": 1,
  "source_file": "C:\\Users\\wiljd\\OneDrive\\Desktop\\Theory of Everything\\checks\\z3_analysis_1770606814\\summary.json",
  "vertex_perm": [
    0,
    2,
    3,
    1,
    4,
    5,
    6,
    8,
    9,
    7,
    12,
    10,
    11,
    13,
    14,
    15,
    17,
    18,
    16,
    21,
    19,
    20,
    22,
    23,
    24,
    26,
    27,
    25,
    30,
    28,
    29,
    31,
    32,
    33,
    35,
    36,
    34,
    39,
    37,
    38
  ],
  "counts": [
    27,
    27,
    27
  ],
  "R3_norm": 1.7920177515754077e-14,
  "artifact": "PART_CVII_z3_candidate_1770606880_01.npz",
  "notes": "Auto-registered z3 candidate (via _tmp_register_z3_candidate.py)",
  "timestamp": 1770606880,
  "P_ranks": [
    27,
    27,
    27
  ],
  "P_iderrs": [
    4.660193928155216e-15,
    4.6792970301913e-15,
    4.6792970301913e-15
  ],
  "P_sum_err": 1.2787049554193606e-15,
  "P_cross_norms": [
    2.9034745920746274e-15,
    2.9034745920746274e-15,
    2.906510229576121e-15,
    3.0378293082852405e-15,
    2.906510229576121e-15,
    3.0378293082852405e-15
  ],
  "verified_by": "C:\\Users\\wiljd\\OneDrive\\Desktop\\Theory of Everything\\checks\\PART_CVII_z3_verify_1770606826.json",
  "centralizer_size": 648,
  "conj_class_size": 40
}
