{
  "found": [],
  "tested": 36,
  "time": 1770508696.3034356,
  "time_end": 1770509103.223188
}