{
  "index": 4,
  "source_file": "C:\\Users\\wiljd\\OneDrive\\Desktop\\Theory of Everything\\checks\\z3_analysis_1770606814\\summary.json",
  "vertex_perm": [
    2,
    0,
    1,
    3,
    4,
    12,
    8,
    5,
    10,
    9,
    6,
    11,
    7,
    13,
    21,
    17,
    14,
    19,
    18,
    15,
    20,
    16,
    22,
    30,
    26,
    23,
    28,
    27,
    24,
    29,
    25,
    31,
    39,
    35,
    32,
    37,
    36,
    33,
    38,
    34
  ],
  "counts": [
    27,
    27,
    27
  ],
  "R3_norm": 1.7600198512371057e-14,
  "artifact": "PART_CVII_z3_candidate_1770606973_04.npz",
  "notes": "Auto-registered z3 candidate (via _tmp_register_z3_candidate.py)",
  "timestamp": 1770606973,
  "P_ranks": [
    27,
    27,
    27
  ],
  "P_iderrs": [
    4.584944547898893e-15,
    4.677750548730619e-15,
    4.677750548730619e-15
  ],
  "P_sum_err": 1.337071009547873e-15,
  "P_cross_norms": [
    2.872625232836095e-15,
    2.872625232836095e-15,
    2.8701576021823235e-15,
    3.060919864533095e-15,
    2.8701576021823235e-15,
    3.060919864533095e-15
  ],
  "verified_by": "C:\\Users\\wiljd\\OneDrive\\Desktop\\Theory of Everything\\checks\\PART_CVII_z3_verify_1770606826.json",
  "centralizer_size": 648,
  "conj_class_size": 40
}
