{
  "index": 3,
  "source_file": "C:\\Users\\wiljd\\OneDrive\\Desktop\\Theory of Everything\\checks\\z3_analysis_1770606814\\summary.json",
  "vertex_perm": [
    1,
    3,
    2,
    0,
    4,
    10,
    7,
    11,
    8,
    5,
    9,
    6,
    12,
    13,
    19,
    16,
    20,
    17,
    14,
    18,
    15,
    21,
    22,
    28,
    25,
    29,
    26,
    23,
    27,
    24,
    30,
    31,
    37,
    34,
    38,
    35,
    32,
    36,
    33,
    39
  ],
  "counts": [
    27,
    27,
    27
  ],
  "R3_norm": 1.7566425765346704e-14,
  "artifact": "PART_CVII_z3_candidate_1770606944_03.npz",
  "notes": "Auto-registered z3 candidate (via _tmp_register_z3_candidate.py)",
  "timestamp": 1770606944,
  "P_ranks": [
    27,
    27,
    27
  ],
  "P_iderrs": [
    4.5337585605640245e-15,
    4.597805908917864e-15,
    4.597805908917864e-15
  ],
  "P_sum_err": 1.3230968619799763e-15,
  "P_cross_norms": [
    2.8350578499484625e-15,
    2.8350578499484625e-15,
    2.833094919493545e-15,
    2.984582245665967e-15,
    2.833094919493545e-15,
    2.984582245665967e-15
  ],
  "verified_by": "C:\\Users\\wiljd\\OneDrive\\Desktop\\Theory of Everything\\checks\\PART_CVII_z3_verify_1770606826.json",
  "centralizer_size": 648,
  "conj_class_size": 40,
  "conj_group": 1,
  "conj_group_size": 80,
  "conj_group_rep": false
}
