{
  "index": 2,
  "source_file": "C:\\Users\\wiljd\\OneDrive\\Desktop\\Theory of Everything\\checks\\z3_analysis_1770606814\\summary.json",
  "vertex_perm": [
    3,
    1,
    0,
    2,
    4,
    11,
    9,
    7,
    5,
    12,
    10,
    8,
    6,
    13,
    20,
    18,
    16,
    14,
    21,
    19,
    17,
    15,
    22,
    29,
    27,
    25,
    23,
    30,
    28,
    26,
    24,
    31,
    38,
    36,
    34,
    32,
    39,
    37,
    35,
    33
  ],
  "counts": [
    27,
    27,
    27
  ],
  "R3_norm": 1.6929527620534608e-14,
  "artifact": "PART_CVII_z3_candidate_1770606917_02.npz",
  "notes": "Auto-registered z3 candidate (via _tmp_register_z3_candidate.py)",
  "timestamp": 1770606917,
  "P_ranks": [
    27,
    27,
    27
  ],
  "P_iderrs": [
    4.252190518692007e-15,
    4.5265639566258084e-15,
    4.5265639566258084e-15
  ],
  "P_sum_err": 1.2790623352260977e-15,
  "P_cross_norms": [
    2.7302144180404177e-15,
    2.7302144180404177e-15,
    2.7335811822453473e-15,
    3.036891102490706e-15,
    2.7335811822453473e-15,
    3.036891102490706e-15
  ],
  "verified_by": "C:\\Users\\wiljd\\OneDrive\\Desktop\\Theory of Everything\\checks\\PART_CVII_z3_verify_1770606826.json"
}
