{
  "timestamp": 1770597283,
  "n_vertices": 40,
  "n_edges": 240,
  "dirac_zero_multiplicity": 202,
  "dirac_eigen_multiplicity": {
    "-4.0": 15,
    "-3.16227766": 24,
    "-0.0": 202,
    "3.16227766": 24,
    "4.0": 15
  },
  "sqrt_vertex_laplacian_sample": [
    2.980114834154914e-08,
    3.162277660168376,
    3.1622776601683773,
    3.1622776601683773,
    3.1622776601683777,
    3.1622776601683777,
    3.1622776601683777,
    3.1622776601683786,
    3.1622776601683786,
    3.1622776601683786
  ],
  "sqrt_edge_laplacian_sample": [
    0.0,
    0.0,
    0.0,
    0.0,
    0.0,
    0.0,
    0.0,
    0.0,
    0.0,
    0.0,
    0.0,
    0.0,
    0.0,
    0.0,
    0.0,
    0.0,
    0.0,
    0.0,
    0.0,
    0.0
  ]
}
