{
  "group_size": 288,
  "b1": 81,
  "commutant_dim": 28,
  "avg_chi_squared": 28.34499999999993,
  "n_irreducible_components": 20,
  "component_dimensions": [
    4,
    4,
    4,
    8,
    4,
    7,
    6,
    4,
    2,
    3,
    3,
    3,
    1,
    9,
    1,
    1,
    9,
    3,
    3,
    2
  ],
  "decomposition": "81 = 4 + 4 + 4 + 8 + 4 + 7 + 6 + 4 + 2 + 3 + 3 + 3 + 1 + 9 + 1 + 1 + 9 + 3 + 3 + 2",
  "all_generators_preserve": null,
  "trivial_multiplicity": 0,
  "C2_eigenvalues": [
    [
      0.191369221734513,
      4
    ],
    [
      0.22424858380208773,
      4
    ],
    [
      0.24800329818164887,
      4
    ],
    [
      0.26317986170234703,
      8
    ],
    [
      0.27466365661442255,
      4
    ],
    [
      0.29166666666666635,
      7
    ],
    [
      0.3025883754954153,
      6
    ],
    [
      0.31741808286457884,
      4
    ],
    [
      0.33333333333333365,
      2
    ],
    [
      0.35137918002247914,
      3
    ],
    [
      0.3649480194771419,
      3
    ],
    [
      0.377422853776124,
      3
    ],
    [
      0.3877075559809724,
      1
    ],
    [
      0.40014769327803146,
      9
    ],
    [
      0.430833333333333,
      1
    ],
    [
      0.44354244401902826,
      1
    ],
    [
      0.4547743148238632,
      9
    ],
    [
      0.4654992855554575,
      3
    ],
    [
      0.47666597567289415,
      3
    ],
    [
      0.7357022603955157,
      2
    ]
  ],
  "elapsed_seconds": 1.6987435817718506
}
