{
  "file": "checks\\PART_CVII_z3_candidates_1770578257.json",
  "results": [
    {
      "index": 1,
      "vertex_perm": [
        0,
        2,
        3,
        1,
        4,
        5,
        6,
        8,
        9,
        7,
        12,
        10,
        11,
        13,
        14,
        15,
        17,
        18,
        16,
        21,
        19,
        20,
        22,
        23,
        24,
        26,
        27,
        25,
        30,
        28,
        29,
        31,
        32,
        33,
        35,
        36,
        34,
        39,
        37,
        38
      ],
      "counts": [
        27,
        27,
        27
      ],
      "R3_norm": 1.7920177515754077e-14,
      "artifact": "checks\\z3_analysis_1770578289\\z3_candidate_01.npz"
    },
    {
      "index": 2,
      "vertex_perm": [
        3,
        1,
        0,
        2,
        4,
        11,
        9,
        7,
        5,
        12,
        10,
        8,
        6,
        13,
        20,
        18,
        16,
        14,
        21,
        19,
        17,
        15,
        22,
        29,
        27,
        25,
        23,
        30,
        28,
        26,
        24,
        31,
        38,
        36,
        34,
        32,
        39,
        37,
        35,
        33
      ],
      "counts": [
        27,
        27,
        27
      ],
      "R3_norm": 1.6929527620534608e-14,
      "artifact": "checks\\z3_analysis_1770578289\\z3_candidate_02.npz"
    },
    {
      "index": 3,
      "vertex_perm": [
        1,
        3,
        2,
        0,
        4,
        10,
        7,
        11,
        8,
        5,
        9,
        6,
        12,
        13,
        19,
        16,
        20,
        17,
        14,
        18,
        15,
        21,
        22,
        28,
        25,
        29,
        26,
        23,
        27,
        24,
        30,
        31,
        37,
        34,
        38,
        35,
        32,
        36,
        33,
        39
      ],
      "counts": [
        27,
        27,
        27
      ],
      "R3_norm": 1.7566425765346704e-14,
      "artifact": "checks\\z3_analysis_1770578289\\z3_candidate_03.npz"
    },
    {
      "index": 4,
      "vertex_perm": [
        2,
        0,
        1,
        3,
        4,
        12,
        8,
        5,
        10,
        9,
        6,
        11,
        7,
        13,
        21,
        17,
        14,
        19,
        18,
        15,
        20,
        16,
        22,
        30,
        26,
        23,
        28,
        27,
        24,
        29,
        25,
        31,
        39,
        35,
        32,
        37,
        36,
        33,
        38,
        34
      ],
      "counts": [
        27,
        27,
        27
      ],
      "R3_norm": 1.7600198512371057e-14,
      "artifact": "checks\\z3_analysis_1770578289\\z3_candidate_04.npz"
    },
    {
      "index": 5,
      "vertex_perm": [
        0,
        1,
        2,
        3,
        4,
        5,
        6,
        7,
        8,
        9,
        10,
        11,
        12,
        22,
        23,
        24,
        25,
        26,
        27,
        28,
        29,
        30,
        31,
        32,
        33,
        34,
        35,
        36,
        37,
        38,
        39,
        13,
        14,
        15,
        16,
        17,
        18,
        19,
        20,
        21
      ],
      "counts": [
        27,
        27,
        27
      ],
      "R3_norm": 1.7109460162474807e-14,
      "artifact": "checks\\z3_analysis_1770578289\\z3_candidate_05.npz"
    }
  ]
}
