{
  "alpha": {
    "predicted": 0.007575757575757576,
    "observed": 0.0072973525205055605,
    "error": 3.8151515151515185
  },
  "alpha_s": {
    "predicted": 0.11764705882352941,
    "observed": 0.1179,
    "error": 0.21453874170533896
  },
  "theta_12": {
    "predicted": 12.30998866432855,
    "observed": 13.04,
    "error": 5.598246439198229
  },
  "delta_cp": {
    "predicted": 68,
    "observed": 67,
    "error": 1.4925373134328357
  },
  "m_higgs": {
    "predicted": 36.83255575759526,
    "observed": 125.1,
    "error": 70.55750938641467
  },
  "vev": {
    "predicted": 233.30666514268296,
    "observed": 246,
    "error": 5.159892218421561
  },
  "omega_lambda": {
    "predicted": 0.6818181818181819,
    "observed": 0.6889,
    "error": 1.0279892846302916
  },
  "n_s": {
    "predicted": 0.9722222222222222,
    "observed": 0.965,
    "error": 0.7484168105929784
  }
}
