{
  "timestamp": "2026-01-13T18:36:07.849528",
  "config": {
    "reps": 200,
    "seed": 1337,
    "max_pool": 60000,
    "max_depth": 3,
    "pair_limit": 700,
    "modes": [
      "strict",
      "medium"
    ],
    "w33_base_ints": [
      40,
      45,
      90,
      240,
      5280,
      6048,
      22,
      2,
      3,
      5,
      6,
      7,
      8,
      10,
      11,
      12,
      24
    ]
  },
  "dist": {
    "strict": {
      "w33": {
        "num_exprs": 60000,
        "targets": {
          "alpha": {
            "best_pct_error": 0.0779173345833509,
            "hits_le_1.0": 12,
            "hits_le_0.1": 1
          },
          "higgs_over_z": {
            "best_pct_error": 0.04736795117466948,
            "hits_le_1.0": 21,
            "hits_le_0.1": 4
          },
          "omega_lambda": {
            "best_pct_error": 0.0016128772116523271,
            "hits_le_1.0": 13,
            "hits_le_0.1": 2
          },
          "cabibbo_deg": {
            "best_pct_error": 0.012781186094071528,
            "hits_le_1.0": 42,
            "hits_le_0.1": 4
          }
        }
      },
      "random": {
        "reps": 200,
        "targets": {
          "alpha": {
            "best_pct_error": {
              "quantiles": {
                "0.05": 0.006899507529025193,
                "0.5": 0.026276703649624464,
                "0.95": 0.1378461818375542
              },
              "empirical_p": 0.76
            },
            "hits_le_1.0": {
              "quantiles": {
                "0.05": 11.0,
                "0.5": 16.0,
                "0.95": 22.0
              },
              "empirical_p": 0.915
            },
            "hits_le_0.1": {
              "quantiles": {
                "0.05": 0.0,
                "0.5": 2.0,
                "0.95": 4.0
              },
              "empirical_p": 0.885
            }
          },
          "higgs_over_z": {
            "best_pct_error": {
              "quantiles": {
                "0.05": 0.001895623066924506,
                "0.5": 0.013324630976347843,
                "0.95": 0.09638110562056196
              },
              "empirical_p": 0.76
            },
            "hits_le_1.0": {
              "quantiles": {
                "0.05": 24.0,
                "0.5": 35.0,
                "0.95": 48.099999999999966
              },
              "empirical_p": 0.985
            },
            "hits_le_0.1": {
              "quantiles": {
                "0.05": 0.9500000000000011,
                "0.5": 3.0,
                "0.95": 7.0
              },
              "empirical_p": 0.375
            }
          },
          "omega_lambda": {
            "best_pct_error": {
              "quantiles": {
                "0.05": 0.0016128772116523271,
                "0.5": 0.04451935585907895,
                "0.95": 0.11734788843019757
              },
              "empirical_p": 0.12
            },
            "hits_le_1.0": {
              "quantiles": {
                "0.05": 19.950000000000003,
                "0.5": 28.0,
                "0.95": 37.0
              },
              "empirical_p": 0.995
            },
            "hits_le_0.1": {
              "quantiles": {
                "0.05": 0.0,
                "0.5": 2.0,
                "0.95": 5.0
              },
              "empirical_p": 0.685
            }
          },
          "cabibbo_deg": {
            "best_pct_error": {
              "quantiles": {
                "0.05": 0.0,
                "0.5": 0.006014675808968427,
                "0.95": 0.022722108611678175
              },
              "empirical_p": 0.9
            },
            "hits_le_1.0": {
              "quantiles": {
                "0.05": 38.95,
                "0.5": 64.5,
                "0.95": 145.24999999999991
              },
              "empirical_p": 0.885
            },
            "hits_le_0.1": {
              "quantiles": {
                "0.05": 5.0,
                "0.5": 10.0,
                "0.95": 23.0
              },
              "empirical_p": 0.99
            }
          }
        }
      }
    },
    "medium": {
      "w33": {
        "num_exprs": 60000,
        "targets": {
          "alpha": {
            "best_pct_error": 0.0779173345833509,
            "hits_le_1.0": 7,
            "hits_le_0.1": 1
          },
          "higgs_over_z": {
            "best_pct_error": 0.005020298897523041,
            "hits_le_1.0": 29,
            "hits_le_0.1": 4
          },
          "omega_lambda": {
            "best_pct_error": 0.0016128772116523271,
            "hits_le_1.0": 22,
            "hits_le_0.1": 3
          },
          "cabibbo_deg": {
            "best_pct_error": 0.009607101923644465,
            "hits_le_1.0": 62,
            "hits_le_0.1": 8
          }
        }
      },
      "random": {
        "reps": 200,
        "targets": {
          "alpha": {
            "best_pct_error": {
              "quantiles": {
                "0.05": 0.009131055130501775,
                "0.5": 0.04588627223662628,
                "0.95": 0.21684195581728527
              },
              "empirical_p": 0.69
            },
            "hits_le_1.0": {
              "quantiles": {
                "0.05": 8.0,
                "0.5": 14.0,
                "0.95": 20.0
              },
              "empirical_p": 0.99
            },
            "hits_le_0.1": {
              "quantiles": {
                "0.05": 0.0,
                "0.5": 1.0,
                "0.95": 3.0
              },
              "empirical_p": 0.81
            }
          },
          "higgs_over_z": {
            "best_pct_error": {
              "quantiles": {
                "0.05": 0.0032061908889434625,
                "0.5": 0.03414868105515438,
                "0.95": 0.11658222271376233
              },
              "empirical_p": 0.17
            },
            "hits_le_1.0": {
              "quantiles": {
                "0.05": 27.0,
                "0.5": 36.0,
                "0.95": 46.0
              },
              "empirical_p": 0.895
            },
            "hits_le_0.1": {
              "quantiles": {
                "0.05": 0.0,
                "0.5": 2.0,
                "0.95": 4.0
              },
              "empirical_p": 0.13
            }
          },
          "omega_lambda": {
            "best_pct_error": {
              "quantiles": {
                "0.05": 0.0016128772116523271,
                "0.5": 0.04989566163892459,
                "0.95": 0.10962003393717414
              },
              "empirical_p": 0.07
            },
            "hits_le_1.0": {
              "quantiles": {
                "0.05": 23.0,
                "0.5": 29.0,
                "0.95": 38.04999999999998
              },
              "empirical_p": 0.97
            },
            "hits_le_0.1": {
              "quantiles": {
                "0.05": 0.0,
                "0.5": 2.0,
                "0.95": 5.0
              },
              "empirical_p": 0.42
            }
          },
          "cabibbo_deg": {
            "best_pct_error": {
              "quantiles": {
                "0.05": 0.0,
                "0.5": 0.0048755561365897045,
                "0.95": 0.0266737796745811
              },
              "empirical_p": 0.76
            },
            "hits_le_1.0": {
              "quantiles": {
                "0.05": 50.95,
                "0.5": 74.0,
                "0.95": 182.04999999999998
              },
              "empirical_p": 0.735
            },
            "hits_le_0.1": {
              "quantiles": {
                "0.05": 6.0,
                "0.5": 12.0,