{
  "n": 40,
  "directed_edges": 480,
  "spectral_radius": 11.000000000000009,
  "spectral_radius_squared": 121.0000000000002
}