{
  "d": 4,
  "S_q": 24,
  "S_nc": 23,
  "v_min": 0.9444444444444445,
  "p_max": 0.05555555555555547
}
