{
  "+pi/6": [
    0,
    5,
    9,
    0.5235987755982989
  ],
  "-pi/6": [
    0,
    5,
    10,
    -0.523598775598299
  ],
  "+pi/2": [
    0,
    5,
    21,
    1.5707963267948963
  ],
  "-pi/2": [
    0,
    5,
    37,
    -1.570796326794897
  ]
}
