{
  "balanced_orbit_id": 4,
  "edge_count": 27,
  "degree_distribution": {
    "1": 4,
    "2": 1,
    "3": 1,
    "4": 7,
    "5": 4,
    "6": 6,
    "7": 3,
    "8": 1
  },
  "component_sizes": [
    24,
    3
  ],
  "component_summaries": [
    {
      "size": 3,
      "shell_counts": {
        "H12-H27": 2,
        "H12-H12": 1
      },
      "root_types": {
        "integral": 3
      },
      "degree_dist": {
        "1": 2,
        "2": 1
      },
      "adjacency": [
        [
          0,
          0,
          1
        ],
        [
          0,
          0,
          1
        ],
        [
          1,
          1,
          0
        ]
      ],
      "edges": [
        [
          4,
          16,
          [
            0,
            1,
            0,
            0
          ],
          [
            1,
            0,
            1,
            0
          ],
          "integral"
        ],
        [
          11,
          18,
          [
            0,
            1,
            2,
            1
          ],
          [
            1,
            0,
            1,
            2
          ],
          "integral"
        ],
        [
          16,
          18,
          [
            1,
            0,
            1,
            0
          ],
          [
            1,
            0,
            1,
            2
          ],
          "integral"
        ]
      ],
      "nodes": [
        0,
        4,
        16
      ]
    },
    {
      "size": 24,
      "shell_counts": {
        "H27-H27": 1,
        "H12-H27": 21,
        "H12-H12": 2
      },
      "root_types": {
        "half": 16,
        "integral": 8
      },
      "degree_dist": {
        "1": 2,
        "3": 1,
        "6": 6,
        "5": 4,
        "4": 7,
        "8": 1,
        "7": 3
      },
      "adjacency": null,
      "edges": null,
      "nodes": null
    }
  ],
  "spectrum_counts": {
    "-2.0": 4,
    "-1.886237": 1,
    "-1.71114": 1,
    "-1.527681": 1,
    "-1.414214": 1,
    "-1.239625": 1,
    "-1.0": 4,
    "-0.948741": 1,
    "-0.134939": 1,
    "-0.068452": 1,
    "-0.0": 4,
    "0.518659": 1,
    "1.371783": 1,
    "1.414214": 1,
    "3.00106": 1,
    "3.299891": 1,
    "5.142322": 1,
    "6.183099": 1
  }
}
