{
  "class_count": 8,
  "class_sizes": {
    "0": 9,
    "4": 4,
    "3": 8,
    "2": 8,
    "6": 1,
    "1": 8,
    "7": 1,
    "5": 1
  },
  "class_summary": {
    "0": {
      "size": 9,
      "avg_neighbor_class_counts": [
        2.2222222222222223,
        2.5555555555555554,
        2.0,
        2.7777777777777777,
        1.4444444444444444,
        0.3333333333333333,
        0.3333333333333333,
        0.3333333333333333
      ],
      "triangle_multiset_counts": {
        "(0, 3, 4)": 4,
        "(0, 0, 3)": 3,
        "(1, 2, 7)": 1,
        "(2, 2, 3)": 3,
        "(3, 4, 5)": 1,
        "(1, 1, 4)": 2,
        "(2, 4, 6)": 1,
        "(0, 2, 3)": 2,
        "(3, 4, 4)": 2,
        "(0, 1, 2)": 4,
        "(1, 3, 5)": 1,
        "(0, 1, 6)": 2,
        "(2, 3, 3)": 1,
        "(1, 3, 3)": 1,
        "(1, 1, 1)": 1,
        "(1, 1, 3)": 1,
        "(2, 4, 7)": 1,
        "(0, 1, 3)": 2,
        "(2, 3, 5)": 1,
        "(1, 3, 7)": 1,
        "(1, 1, 2)": 1
      }
    },
    "4": {
      "size": 4,
      "avg_neighbor_class_counts": [
        3.25,
        2.25,
        1.75,
        2.5,
        1.5,
        0.25,
        0.25,
        0.25
      ],
      "triangle_multiset_counts": {
        "(0, 0, 3)": 2,
        "(0, 2, 6)": 1,
        "(1, 2, 2)": 2,
        "(0, 3, 4)": 4,
        "(1, 3, 4)": 2,
        "(1, 2, 3)": 1,
        "(0, 1, 1)": 2,
        "(0, 3, 5)": 1,
        "(0, 2, 7)": 1
      }
    },
    "3": {
      "size": 8,
      "avg_neighbor_class_counts": [
        3.125,
        2.375,
        3.0,
        1.75,
        1.25,
        0.375,
        0.0,
        0.125
      ],
      "triangle_multiset_counts": {
        "(0, 0, 4)": 2,
        "(0, 1, 1)": 1,
        "(1, 3, 3)": 3,
        "(0, 0, 1)": 1,
        "(0, 4, 4)": 2,
        "(0, 1, 3)": 2,
        "(0, 1, 7)": 1,
        "(2, 2, 3)": 2,
        "(0, 0, 0)": 1,
        "(0, 2, 2)": 3,
        "(0, 2, 5)": 1,
        "(1, 4, 4)": 1,
        "(1, 2, 3)": 2,
        "(1, 2, 2)": 3,
        "(0, 4, 5)": 1,
        "(1, 1, 2)": 1,
        "(1, 2, 4)": 1,
        "(0, 2, 3)": 2,
        "(0, 0, 2)": 1,
        "(0, 1, 5)": 1
      }
    },
    "2": {
      "size": 8,
      "avg_neighbor_class_counts": [
        2.25,
        2.625,
        2.25,
        3.0,
        0.875,
        0.25,
        0.375,
        0.375
      ],
      "triangle_multiset_counts": {
        "(0, 4, 6)": 1,
        "(0, 2, 3)": 6,
        "(1, 2, 3)": 6,
        "(1, 3, 3)": 1,
        "(1, 2, 4)": 4,
        "(0, 3, 5)": 1,
        "(0, 3, 3)": 1,
        "(0, 4, 7)": 1,
        "(0, 1, 7)": 1,
        "(1, 3, 4)": 1,
        "(1, 5, 6)": 1,
        "(2, 3, 3)": 2,
        "(0, 0, 3)": 1,
        "(1, 1, 3)": 1,
        "(0, 0, 1)": 2,
        "(0, 1, 1)": 1,
        "(1, 6, 7)": 1
      }
    },
    "6": {
      "size": 1,
      "avg_neighbor_class_counts": [
        3.0,
        3.0,
        3.0,
        0.0,
        1.0,
        1.0,
        0.0,
        1.0
      ],
      "triangle_multiset_counts": {
        "(0, 2, 4)": 1,
        "(0, 0, 1)": 1,
        "(1, 2, 7)": 1,
        "(1, 2, 5)": 1
      }
    },
    "1": {
      "size": 8,
      "avg_neighbor_class_counts": [
        2.875,
        2.0,
        2.625,
        2.375,
        1.125,
        0.25,
        0.375,
        0.375
      ],
      "triangle_multiset_counts": {
        "(2, 2, 4)": 2,
        "(0, 1, 1)": 3,
        "(0, 1, 2)": 2,
        "(1, 2, 3)": 2,
        "(0, 2, 7)": 1,
        "(0, 1, 4)": 4,
        "(0, 3, 5)": 1,
        "(2, 2, 3)": 3,
        "(0, 0, 6)": 1,
        "(0, 0, 2)": 2,
        "(2, 3, 3)": 1,
        "(0, 3, 7)": 1,
        "(3, 3, 3)": 1,
        "(3, 4, 4)": 1,
        "(2, 6, 7)": 1,
        "(0, 0, 3)": 1,
        "(0, 1, 3)": 2,
        "(2, 3, 4)": 1,
        "(2, 5, 6)": 1,
        "(0, 3, 3)": 1
      }
    },
    "7": {
      "size": 1,
      "avg_neighbor_class_counts": [
        3.0,
        3.0,
        3.0,
        1.0,
        1.0,
        0.0,
        1.0,
        0.0
      ],
      "triangle_multiset_counts": {
        "(0, 1, 2)": 1,
        "(1, 2, 6)": 1,
        "(0, 2, 4)": 1,
        "(0, 1, 3)": 1
      }
    },
    "5": {
      "size": 1,
      "avg_neighbor_class_counts": [
        3.0,
        2.0,
        2.0,
        3.0,
        1.0,
        0.0,
        1.0,
        0.0
      ],
      "triangle_multiset_counts": {
        "(0, 3, 4)": 1,
        "(0, 2, 3)": 1,
        "(1, 2, 6)": 1,
        "(0, 1, 3)": 1
      }
    }
  }
}
